model,MAE,RMSE,MAPE (%),R2
Prophet,1411.817931776563,1531.2018068765954,98.23793896304693,-0.20423579582625195
