ADF Statistic,p-value,Used Lag,Number of Observations,Critical Value 1%,Critical Value 5%,Critical Value 10%
-3.0715998085051104,0.028727575953996217,4,45,-3.584828853223594,-2.9282991495198907,-2.6023438271604937
