model,best_order,MAE,RMSE,MAPE (%),R2
ARIMA,"(2, 0, 2)",991.7891097332208,1340.8440748522846,109.78352848281729,0.07657161300859172
